id_lote,linha,turno,fornecedor,temp_forno_c,tempo_ciclo_s,pressao_bar,umidade_pct,resultado_inspecao
2001,Linha C,manha,Forn B,189.1,49.7,7.09,57.9, conforme 
2002, linha c ,TARDE, forn a ,190.9,52.8,6.8,48.2,Retrabalho
2003, linha c ,Tarde,Forn A,186.2,56.9,6.51,40.5,RETRABALHO
2004,LINHA B,Manhã, forn c ,186.2,44.9,6.97,59.2,Conforme
2005,Linha a, tarde ,Fornecedor B,192.7,42.2,5.7,40.4,retrabalho
2006,LINHA B, tarde , FORN B ,190.5,44.0,6.46,51.3,Conforme
2007,linha a,TARDE,fornecedor b,187.4,40.4,6.09,59.9,CONFORME
2008, linha c , tarde ,Fornecedor B,,54.1,6.73,56.2,Retrabalho
2009,linha c,tarde,Forn A,182.8,54.6,7.28,54.0,Retrabalho
2010, linha B ,Manhã,fornecedor a,200.3,39.4,6.24,61.7,Retrabalho
2011, linha c ,Tarde,fornecedor a,189.2,53.4,6.45,61.5, retrabalho 
2012,LINHA B,MANHÃ, forn c ,194.0,47.5,6.28,25.2, retrabalho 
2013,Linha a,noite, forn a ,192.2,46.9,7.05,53.7,conforme
2014,Linha a,tarde,fornecedor a,195.0,37.5,6.55,37.0,Conforme
2015, LINHA A , tarde ,Forn C,192.4,40.3,,47.0,CONFORME
2016,Linha C,MANHÃ,Forn B,185.4,45.2,6.54,33.3, conforme 
2017,linha c, noite , FORN B ,185.1,49.2,5.65,78.2,RETRABALHO
2018, LINHA A , manha , forn c ,191.2,42.3,6.08,47.4,CONFORME
2019,linha a,manha, FORN B ,179.0,41.8,6.83,38.7,conforme
2020, linha c ,Noite,Forn B,187.1,44.1,6.29,44.6, conforme 
2021, linha B , manha ,,179.4,48.7,6.54,54.7, conforme 
2022,Linha C,manha,Forn A,196.0,47.9,6.14,46.2,Retrabalho
2023, linha c ,Manhã, forn c ,183.8,44.6,6.43,27.5,Conforme
2024,linha a, tarde ,fornecedor a,171.5,48.3,7.12,52.3,Conforme
2025,Linha a,TARDE,Forn A,188.9,40.1,6.68,58.2, conforme 
2026,Linha B,TARDE, forn c ,200.9,47.1,6.38,43.1,RETRABALHO
2027, linha c ,Noite,Fornecedor C,205.9,44.7,6.51,,retrabalho
2028,LINHA B,noite,Fornecedor A,193.0,45.1,7.21,45.4, conforme 
2029,Linha C,Noite, forn c ,180.0,46.3,6.46,61.6,conforme
2030,LINHA C,Tarde,Fornecedor A,188.0,48.5,5.5,50.6,RETRABALHO
2031,Linha A,NOITE,Forn A,189.2,51.2,6.35,46.8,RETRABALHO
2032, linha c ,manha,fornecedor b,182.9,,6.03,40.3, conforme 
2033,linha a,tarde,fornecedor a,184.6,45.6,6.2,37.4,Conforme
2034,Linha a,manha, FORN B ,181.6,42.1,5.98,43.9,conforme
2035,linha b, noite ,Forn C,184.8,47.1,6.6,39.2, retrabalho 
2036,LINHA C,Tarde, FORN B ,171.5,43.1,7.23,60.7,CONFORME
2037,linha a,Noite, forn a ,183.9,48.4,6.12,68.0,CONFORME
2038,LINHA C, tarde ,Forn C,194.0,45.2,5.93,51.1, retrabalho 
2039, LINHA A ,tarde, forn a ,310.0,36.7,6.44,47.7, conforme 
2040,Linha C,noite, FORN B ,194.4,43.3,6.64,58.6,CONFORME
2041, LINHA A ,NOITE,Fornecedor A,185.0,47.3,6.68,31.6, conforme 
2042,LINHA C,Noite,Fornecedor C,192.4,52.0,6.34,47.5, retrabalho 
2043, LINHA A ,tarde,Forn A,198.1,39.2,7.04,31.9,retrabalho
2044,linha c,MANHÃ,fornecedor c,195.6,44.2,6.45,35.8,Conforme
2045,Linha A,MANHÃ, FORN B ,179.8,-5.0,7.2,55.0,Conforme
2046,LINHA C,tarde,Fornecedor C,173.6,44.3,7.14,66.3,CONFORME
2047,LINHA B, manha ,fornecedor b,177.0,50.2,5.31,59.3,retrabalho
2048,linha c,MANHÃ,Forn A,180.1,49.4,6.74,31.3,conforme
2049,LINHA C, tarde ,Forn A,199.7,50.1,6.31,55.4,RETRABALHO
2050,Linha C, noite ,Fornecedor B,185.5,45.1,6.31,40.8,conforme
2051,linha c, noite ,Forn B,198.1,45.0,6.32,67.2,Conforme
2052, linha B ,Manhã,Forn B,179.5,40.3,0.0,52.9,Conforme
2053, linha c ,MANHÃ,Forn A,177.7,46.3,6.08,64.5, conforme 
2054,LINHA C,Manhã,fornecedor c,193.5,48.2,6.87,45.5, retrabalho 
2055,Linha B,TARDE,fornecedor b,189.2,50.3,6.16,47.3,Conforme
2056,Linha a,NOITE, forn c ,198.4,39.3,6.41,73.5,Retrabalho
2057,linha b,Manhã,Fornecedor A,190.1,38.5,6.71,31.5,CONFORME
2058, linha c ,Manhã,Fornecedor B,175.2,50.2,6.87,135.0,conforme
2059,linha b, noite , FORN B ,178.9,45.6,6.51,69.7,CONFORME
2060, linha c ,tarde, forn a ,177.2,49.9,6.54,56.9,Conforme
2061,Linha a, manha ,Forn A,180.7,35.7,6.92,51.4,Conforme
2062,LINHA B,manha, forn c ,177.5,48.5,6.33,46.3, retrabalho 
2063,linha c,TARDE,Fornecedor A,181.0,53.7,7.17,25.3,RETRABALHO
2064,LINHA C,Tarde, FORN B ,196.4,43.5,6.43,59.6,RETRABALHO
2065,linha c,Tarde, forn a ,erro,51.8,6.94,58.0,Conforme
2066,linha b,Tarde,Fornecedor B,192.3,45.7,6.69,41.8,CONFORME
2067,linha b,manha,fornecedor a,185.6,38.1,6.51,26.2,Conforme
2068,linha a,tarde,fornecedor b,203.7,47.0,6.53,51.1,RETRABALHO
2069,linha a,Noite,Forn C,188.5,46.0,6.38,58.7,conforme
2070,linha c,NOITE,fornecedor b,188.7,53.8,5.59,36.5,Retrabalho
2071,Linha A,noite,Fornecedor A,191.8,45.7,6.0,29.1,CONFORME
2072,linha c,MANHÃ,Fornecedor B,191.9,43.7,6.38,38.2,conforme
2073, LINHA A ,,fornecedor b,194.5,46.6,6.41,50.5, conforme 
2074,Linha A,Noite, forn c ,204.0,52.8,5.69,38.4, retrabalho 
2075,LINHA B,Manhã, FORN B ,178.5,37.4,7.18,37.8,conforme
2076,Linha C,TARDE, forn a ,189.5,58.7,6.41,58.8,Retrabalho
2077,Linha C, tarde , forn a ,204.4,48.7,6.63,53.9, retrabalho 
2078,Linha B, manha , FORN B ,192.4,38.6,6.21,46.3,Conforme
2079,Linha B,TARDE,fornecedor b,180.8,36.3,5.7,48.1,Retrabalho
2080,linha a,TARDE,Forn A,181.0,38.9,6.11,43.7, conforme 
2081,LINHA C, manha , FORN B ,188.2,50.8,6.71,51.9,Conforme
2082,Linha C,noite, FORN B ,193.7,56.6,6.4,68.5, retrabalho 
2083,linha c, manha ,Forn A,191.0,50.4,6.53,48.7, conforme 
2084, linha B , manha ,  ,180.0,54.6,6.01,33.0,RETRABALHO
2085,Linha a,TARDE,Forn B,180.2,44.2,7.52,55.3,CONFORME
2086,linha a, tarde ,Fornecedor A,183.2,41.8,6.84,58.4,Conforme
2087,Linha A,Manhã, FORN B ,173.9,37.5,6.58,60.2,Conforme
2088,LINHA B,manha,Fornecedor B,175.6,45.8,7.56,57.3,CONFORME
2089,Linha A, tarde ,Forn A,190.2,44.8,6.25,44.9, conforme 
2090,Linha C,TARDE,Forn A,190.5,54.8,6.36,35.4,RETRABALHO
2091,Linha B,noite,fornecedor b,175.1,35.1,6.0,60.3, conforme 
2092,linha b,Noite,Forn A,188.5,48.7,6.5,39.7,CONFORME
2093,Linha A,TARDE,fornecedor a,179.8,45.3,6.03,44.1, conforme 
2094,Linha B,TARDE,Fornecedor B,190.7,43.6,6.09,27.6,conforme
2095, LINHA A ,NOITE,Forn B,184.7,46.4,6.52,41.6,CONFORME
2096,Linha B,manha,fornecedor b,178.8,38.6,6.85,52.5, conforme 
2012,LINHA B,MANHÃ, forn c ,194.0,47.5,6.28,25.2, retrabalho 
2046,LINHA C,tarde,Fornecedor C,173.6,44.3,7.14,66.3,CONFORME
2071,Linha A,noite,Fornecedor A,191.8,45.7,6.0,29.1,CONFORME
